Group,Direction,miRNA,GeneID,log2FC,padj,biomarker_score,count_Cells (4T1),zscore_Cells (4T1),count_Heart,zscore_Heart,count_Kidney,zscore_Kidney,count_Liver,zscore_Liver,count_Lung,zscore_Lung,count_Spleen,zscore_Spleen
Heart,Upregulated,miR-149-5p,mmu-miR-149-5p,4.918,1.20197844334041e-09,259.00477482565003,6991,0.420663621268494,55406,1.8099259933895215,2800,-0.1933077749122234,882,-0.9681003571693253,1742,-0.5116855294453851,1627,-0.5574959531310849
Heart,Upregulated,miR-1b-5p,mmu-miR-1b-5p,5.003,2.21062300807882e-08,254.06683961568712,6,-0.5710726600508035,347,1.9656200334003757,8,-0.40787251525732177,14,-0.07614935740644277,13,-0.12095238241940832,4,-0.7895731182664001
Heart,Upregulated,miR-1a-3p,mmu-miR-1a-3p,7.681,9.23271082069054e-05,241.89274299468062,16,-1.4513835920275857,3680110,1.5285400243370775,1236,-0.4114673302095982,22889,0.2963291736830882,35942,0.40578112446004727,1480,-0.3677994002430293
Heart,Upregulated,miR-504-5p,mmu-miR-504-5p,5.386,2.24769224791351e-06,212.39839105788383,0,-1.0354705474346904,223,1.832883850684181,4,-0.1824143293460825,1,-0.668079231585183,4,-0.1824143293460825,10,0.23549458702785753
Heart,Upregulated,miR-466q,mmu-miR-466q,3.56,0.000136458985391128,74.75721508751033,21,-0.793248422546823,846,1.7376586827062717,14,-1.0587670628642338,41,-0.34495850385574595,103,0.2836479502489408,88,0.17566735631159092
Heart,Upregulated,miR-743b-3p,mmu-miR-743b-3p,5.469,0.00276737520767945,74.21395149676516,0,-0.6260014421038977,20,1.9548438372993153,0,-0.6260014421038977,1,-0.038419755493811145,1,-0.038419755493811145,0,-0.6260014421038977
Heart,Upregulated,miR-181a-2-3p,mmu-miR-181a-2-3p,2.609,2.21062300807882e-08,63.56221425871235,524,0.7196779440512981,1156,1.63560648860499,190,-0.452345328341782,110,-1.0814542879219875,238,-0.1924802417998138,163,-0.6290045745927041
Heart,Upregulated,miR-208b-5p,mmu-miR-208b-5p,5.597,0.0102949632451697,58.715572391189184,0,-0.5144179002792076,18,1.9839511565411299,0,-0.5144179002792076,0,-0.5144179002792076,1,0.0737204445757009,0,-0.5144179002792076
Heart,Upregulated,miR-741-3p,mmu-miR-741-3p,4.729,0.0115762533280171,54.779980998968995,0,-0.8692137871874103,60,1.8030590575502765,1,-0.4186335822923809,4,0.1770010495584627,4,0.1770010495584627,0,-0.8692137871874103
Heart,Upregulated,miR-486a-3p,mmu-miR-486a-3p,3.056,0.00088974723292973,46.4481345522352,4,-1.7372390244709022,1960,1.3109695503404852,118,-0.1193167551674303,209,0.17060285977909365,126,-0.08610594169153404,370,0.46108931121028796
Heart,Downregulated,miR-1839-5p,mmu-miR-1839-5p,-1.717,6.59149962655033e-05,3.1919245095314808,1340,-1.577974176607879,2194,-0.8742151021622233,5204,0.3589291082212446,7061,0.7946790382714238,5291,0.38260339363108964,7687,0.9159777386463389
Heart,Downregulated,miR-362-5p,mmu-miR-362-5p,-1.637,0.00690815530367677,1.4160789576335233,1887,0.15072934847312172,784,-1.7973003362847348,2120,0.4090407995685692,1841,0.09597670367129642,1680,-0.10704848676339829,3095,1.2486019713351457
Heart,Downregulated,miR-33-5p,mmu-miR-33-5p,-1.986,0.00945088057990493,1.3633984124565857,2701,-0.11800271350552907,1142,-1.7073671195125275,2778,-0.06609343982004873,5142,1.0710508151232954,2684,-0.12966245288960218,4816,0.9500749106043984
Heart,Downregulated,miR-103-3p,mmu-miR-103-3p,-1.147,0.0101712213015564,1.269186211323932,81624,-0.14910848166673452,50094,-1.6765720666437256,109335,0.7653719833219687,112462,0.8535961090857235,108729,0.7479829245874661,72008,-0.5412704686846673
Heart,Downregulated,miR-551b-3p,mmu-miR-551b-3p,-4.857,6.01006811650885e-05,1.2072016073929766,1,-1.750997705798975,62,-0.5036434232729549,4213,1.0159768587763667,1335,0.600648959664184,1079,0.5237396970993811,347,0.11427561353199762
Heart,Downregulated,miR-33-3p,mmu-miR-33-3p,-1.719,0.0303276899230351,1.1077574027437114,260,-0.8464635073542014,210,-1.2341496780444845,379,-0.1616469899033967,986,1.5784170696776716,469,0.22585536295156608,527,0.43798774267285073
Heart,Downregulated,miR-326-3p,mmu-miR-326-3p,-2.187,0.0282837668047002,1.0619812023845754,234,-1.6554235172976404,862,-0.5591715106406809,2297,0.26618438869096556,1729,0.026917441415437823,6047,1.0816876340806576,4538,0.8398055637512656
Heart,Downregulated,miR-744-5p,mmu-miR-744-5p,-1.682,0.0192424523521389,1.0217585163318244,3952,0.7000451521881907,1127,-1.4812845458570738,1908,-0.5660977919115086,4794,1.0359325531091836,4226,0.816619668081558,1976,-0.5052150356103672
Heart,Downregulated,miR-10a-5p,mmu-miR-10a-5p,-2.965,0.0236416308244827,1.0130540001558426,3,-1.9714681700886043,9390,0.041101739325997796,176128,0.8012636198904236,32071,0.3595960311193943,62703,0.5334491617604464,19916,0.23605761799234173
Heart,Downregulated,miR-652-3p,mmu-miR-652-3p,-1.381,0.0351169894677832,0.9813854434924342,11534,-0.5964895243417337,8524,-1.2349043490722098,16016,0.09656922756065883,12218,-0.4748666669459002,32269,1.5754939751977284,20661,0.6341973376014772
Kidney,Upregulated,miR-10b-3p,mmu-miR-10b-3p,6.134,1.06169399488365e-15,632.3928932889235,143,0.09383899481484413,118,-0.01600002744615659,3233,1.8861837956569905,22,-0.9627450900822387,46,-0.5510983922063656,55,-0.45017928073707586
Kidney,Upregulated,miR-615-3p,mmu-miR-615-3p,7.638,1.54290102346476e-08,452.64154314458773,34,-0.004948605858071659,2,-1.075006526714039,2709,1.8894605251330114,12,-0.43632750698974015,27,-0.1021412006878732,18,-0.2710366848832867
Kidney,Upregulated,miR-10b-5p,mmu-miR-10b-5p,5.977,1.15170118671149e-07,292.2333661077071,1573,-0.26226900786381363,3796,0.22270590461655126,76486,1.8765219894633502,405,-1.0085311301761672,1195,-0.4135222854809857,1192,-0.41490547055893273
Kidney,Upregulated,miR-615-5p,mmu-miR-615-5p,6.198,1.1949485119278e-05,179.8152625098179,1,-0.17902871850985816,0,-0.7161148740394327,31,1.9693159036084404,0,-0.7161148740394327,1,-0.17902871850985816,1,-0.17902871850985816
Kidney,Upregulated,miR-196a-2-3p,mmu-miR-196a-2-3p,8.219,0.00172765621920589,160.06374203678567,0,-0.4082482904638631,0,-0.4082482904638631,54,2.041241452319315,0,-0.4082482904638631,0,-0.4082482904638631,0,-0.4082482904638631
Kidney,Upregulated,miR-196b-3p,mmu-miR-196b-3p,8.303,0.000925683977427649,129.40127157408241,111,1.0369709571107537,0,-0.7756611385948516,325,1.4474009441011522,0,-0.7756611385948516,0,-0.7756611385948516,4,-0.15738848542735046
Kidney,Upregulated,miR-196a-1-3p,mmu-miR-196a-1-3p,7.54,0.009281985377449,116.23284089306226,0,-0.5599894474585573,0,-0.5599894474585573,310,1.9064081113189206,0,-0.5599894474585573,0,-0.5599894474585573,7,0.3335496785153084
Kidney,Upregulated,miR-187-5p,mmu-miR-187-5p,2.642,9.85188353658517e-06,50.13527159169801,26,-1.4694944791588458,97,-0.1412061276065,572,1.678352420100722,106,-0.05067595610754664,113,0.01461852934023576,108,-0.03159438656806744
Kidney,Upregulated,miR-670-5p,mmu-miR-670-5p,4.052,0.00309320395415683,48.50565703461603,0,-0.9071006574010484,0,-0.9071006574010484,28,1.7749968774796179,3,0.19710190640920117,1,-0.3549993754959236,3,0.19710190640920117
Kidney,Upregulated,miR-346-5p,mmu-miR-346-5p,4.128,0.0281162827996955,35.5336665001491,0,-1.1106220449600448,1,-0.7041762724234036,107,1.6348734242548888,18,0.6159301349211865,2,-0.46642073691282776,6,0.030415495120200312
Kidney,Downregulated,miR-511-3p,mmu-miR-511-3p,-2.638,0.0392218415233606,0.7609714670577922,2,-1.9204120439746701,1154,0.33262309804448764,347,-0.12139172010586671,4497,0.8471450735064923,835,0.21029619635457186,2683,0.6517393961749864
Kidney,Downregulated,miR-294-3p,mmu-miR-294-3p,-4.735,0.0371205599537631,0.38081952507287653,1,-1.06620006942504,4,-0.4869932010750626,2,-0.8098969471483766,143,1.6371715828312294,22,0.4776594596205242,15,0.24825917519672575
Kidney,Downregulated,miR-150-3p,mmu-miR-150-3p,-5.597,0.0329284257806923,0.21746576359295872,1,-1.3211211769976152,69,0.16560085662369983,13,-0.5074097079618891,20,-0.3378584011240081,107,0.34693223752703717,2458,1.6538561919327734
Kidney,Downregulated,miR-490-3p,mmu-miR-490-3p,-7.557,0.00194814540646952,0.1350542747987195,0,-1.2222151372063008,3678,1.4242257556414877,4,-0.7034481771686544,11,-0.42126005920751763,716,0.8971161395660807,47,0.025581478374904494
Kidney,Downregulated,miR-208b-3p,mmu-miR-208b-3p,-7.019,0.0358516935717048,0.07944066229041705,0,-1.1010861855959935,2419,1.4805138362596604,3,-0.6417590892074635,29,0.02584771919252932,392,0.8782428085587308,3,-0.6417590892074635
Kidney,Downregulated,miR-122-3p,mmu-miR-122-3p,-13.288,0.000423541896135938,0.006147578255400611,0,-1.1095347733921561,62,-0.20070826740309225,16,-0.48804897719097556,621456,1.8166514646828351,36,-0.31745386686079347,614,0.2990944201641823
Kidney,Downregulated,miR-122-5p,mmu-miR-122-5p,-13.778,5.18006043238954e-05,0.005614003844645053,24,-0.9751827998985649,502,-0.30435846680682077,142,-0.5854399475621422,7957305,1.8564759880287611,548,-0.28480208300176657,7294,0.2933073092405357
Kidney,Downregulated,miR-295-3p,mmu-miR-295-3p,-7.116,0.0056242983513088,0.0,1,-0.7591008604426934,2,-0.49685778423083743,0,-1.2074083603056014,60,1.4513856678408155,19,0.730144418500613,9,0.28183691863770477
Kidney,Downregulated,miR-1912-5p,mmu-miR-1912-5p,-21.366,4.36831954933676e-05,0.0,0,-0.408248290463863,0,-0.408248290463863,0,-0.408248290463863,0,-0.408248290463863,165,2.041241452319315,0,-0.408248290463863
Kidney,Downregulated,miR-1298-5p,mmu-miR-1298-5p,-23.887,3.86667015954947e-06,0.0,0,-0.40824829046386296,0,-0.40824829046386296,0,-0.40824829046386296,0,-0.40824829046386296,634,2.041241452319315,0,-0.40824829046386296
Liver,Upregulated,miR-122-5p,mmu-miR-122-5p,11.664,8.46539123215526e-13,750.2143782315658,24,-0.9751827998985649,502,-0.30435846680682077,142,-0.5854399475621422,7957305,1.8564759880287611,548,-0.28480208300176657,7294,0.2933073092405357
Liver,Upregulated,miR-12195-3p,mmu-miR-12195-3p,6.759,4.36026666445337e-19,613.245213028626,0,-0.7730522279194798,2,-0.12701054471284204,1,-0.36544530793702623,110,1.996398696443401,1,-0.36544530793702623,1,-0.36544530793702623
Liver,Upregulated,miR-122-3p,mmu-miR-122-3p,11.536,2.47826260002068e-10,590.3320127817057,0,-1.1095347733921561,62,-0.20070826740309225,16,-0.48804897719097556,621456,1.8166514646828351,36,-0.31745386686079347,614,0.2990944201641823
Liver,Upregulated,miR-122b-3p,mmu-miR-122b-3p,10.453,7.88239770095048e-11,557.662129920259,0,-0.5161211836131325,4,0.08265638220191006,0,-0.5161211836131325,823,1.9818283522506202,0,-0.5161211836131325,0,-0.5161211836131325
Liver,Upregulated,miR-12195-5p,mmu-miR-12195-5p,7.237,9.33330018029322e-14,456.1649826725934,0,-0.48556174355136217,0,-0.48556174355136217,0,-0.48556174355136217,64,2.012938614270768,1,-0.07069164006531904,0,-0.48556174355136217
Liver,Upregulated,miR-1948-3p,mmu-miR-1948-3p,6.796,1.22488591988419e-14,447.80169854706145,4,0.020981884404130652,1,-0.5666339296680347,2,-0.3066097896317037,106,1.9855296942316771,1,-0.5666339296680347,1,-0.5666339296680347
Liver,Upregulated,miR-292b-3p,mmu-miR-292b-3p,8.001,6.59400973699273e-10,353.49366784203426,0,-0.408248290463863,0,-0.408248290463863,0,-0.408248290463863,50,2.041241452319315,0,-0.408248290463863,0,-0.408248290463863
Liver,Upregulated,miR-292b-5p,mmu-miR-292b-5p,7.377,8.95141711565534e-10,310.816736811401,1,-0.108654959738536,0,-0.5888794787355974,0,-0.5888794787355974,40,1.983948355683864,0,-0.5888794787355974,1,-0.108654959738536
Liver,Upregulated,miR-1948-5p,mmu-miR-1948-5p,6.286,2.71664792989011e-10,299.7594440248714,16,-0.1557181193471147,8,-0.5090689272928492,22,0.012226970082220248,767,1.9614108556953156,5,-0.7343424400354128,7,-0.574508339102158
Liver,Upregulated,miR-101b-3p,mmu-miR-101b-3p,4.037,6.35073723660464e-16,258.33025449219303,13861,-0.5051420666287845,15084,-0.43194210925537285,14089,-0.49101796239779194,258170,2.0267583890966847,20263,-0.17641627430428297,15254,-0.42223997651045336
Liver,Downregulated,miR-181b-5p,mmu-miR-181b-5p,-2.105,1.12328873325043e-12,6.779839612399554,10296,0.09375383814470226,11520,0.2734134337599384,13451,0.521273777337198,2921,-1.921013664432064,17866,0.9752701631816945,10064,0.057302452008534836
Liver,Downregulated,miR-181a-1-3p,mmu-miR-181a-1-3p,-2.521,2.62699141353728e-06,3.471815478722774,54,-1.6444646766938484,650,0.3390581627349623,664,0.35613675122048977,167,-0.7481860328945511,1505,1.012254157078824,1001,0.685201638554124
Liver,Downregulated,miR-181a-5p,mmu-miR-181a-5p,-2.424,2.62699141353728e-06,3.441524494544761,9052,-1.3153304997752018,32830,0.031185243548815935,48852,0.4465949084396571,11264,-1.0868437386137466,91063,1.0974939992842876,70292,0.8269000871161927
Liver,Downregulated,miR-145a-5p,mmu-miR-145a-5p,-1.821,5.68726045437043e-05,2.9885389031667215,120,-2.0142505023772768,1202328,0.5591761204791202,555376,0.3432223840055399,243686,0.11289894235313945,1034056,0.5170207619518189,912099,0.48193229358766215
Liver,Downregulated,miR-181c-5p,mmu-miR-181c-5p,-1.951,3.49780641119553e-07,2.9399079302999342,9252,1.1536045722245145,4258,0.06912998714301496,3052,-0.3961694509092886,1165,-1.7414951337744382,6338,0.6249665431196634,4987,0.2899634821965408
Liver,Downregulated,miR-143-3p,mmu-miR-143-3p,-1.581,0.000124671752482548,2.790097536956309,38,-2.0211591621056946,783855,0.5384235158452985,423740,0.3795276555952931,191498,0.17435642434876164,860040,0.56238429178169,402849,0.36646727453465217
Liver,Downregulated,miR-143-5p,mmu-miR-143-5p,-1.743,0.000200498433608877,2.6178493061396693,0,-1.9994404405843915,1556,0.5716525078707074,668,0.27617873093207473,361,0.06136243824963052,1542,0.5684931470371577,1349,0.5217536164948199
Liver,Downregulated,miR-181d-5p,mmu-miR-181d-5p,-1.868,5.44539575220016e-08,2.3841146028127405,14001,1.55261060766126,5141,0.4642959747661793,2303,-0.40786465184620196,862,-1.4747002639568778,3484,0.04171273835463062,2851,-0.17605440497899014
Liver,Downregulated,miR-322-5p,mmu-miR-322-5p,-1.687,0.000269563284633354,2.3790607870083886,19870,-1.125418603934075,83277,1.0787793331951487,63586,0.6637966126377662,17856,-1.2898052170552716,64350,0.6821686233271129,41045,-0.009520748170673707
Liver,Downregulated,miR-181c-3p,mmu-miR-181c-3p,-2.179,2.92261319040044e-07,2.2578147025617588,2651,1.4092270618014153,954,0.3094343898789339,428,-0.5522751567924719,163,-1.5877104931757071,836,0.16741890508425483,906,0.253905293203576
Lung,Upregulated,miR-1264-3p,mmu-miR-1264-3p,11.82,8.6213234532636e-32,1946.4566168117415,0,-0.408248290463863,0,-0.408248290463863,0,-0.408248290463863,0,-0.408248290463863,883,2.041241452319315,0,-0.408248290463863
Lung,Upregulated,miR-1298-5p,mmu-miR-1298-5p,11.345,7.15424902364194e-29,1688.850600648316,0,-0.40824829046386296,0,-0.40824829046386296,0,-0.40824829046386296,0,-0.40824829046386296,634,2.041241452319315,0,-0.40824829046386296
Lung,Upregulated,miR-449c-5p,mmu-miR-449c-5p,6.797,1.14262088862642e-41,1270.8016196997016,102,0.7408947568934965,6,-0.5349426227591019,6,-0.5349426227591019,2,-0.9369832014072412,747,1.6816682857483438,8,-0.41569459571639406
Lung,Upregulated,miR-1264-5p,mmu-miR-1264-5p,9.389,2.42092519102746e-22,1051.568906329321,0,-0.46995142263261724,0,-0.46995142263261724,0,-0.46995142263261724,1,-0.14401318570463448,200,2.023818876235104,0,-0.46995142263261724
Lung,Upregulated,miR-449a-5p,mmu-miR-449a-5p,7.412,2.22567085350192e-22,825.1574959086564,259,0.13603308399536532,88,-0.3601321297521356,56,-0.5663583361541409,34,-0.7920776918200487,12889,1.9426672034830947,88,-0.3601321297521356
Lung,Upregulated,miR-1912-5p,mmu-miR-1912-5p,9.4,1.96468550200897e-16,765.1100029642023,0,-0.408248290463863,0,-0.408248290463863,0,-0.408248290463863,0,-0.408248290463863,165,2.041241452319315,0,-0.408248290463863
Lung,Upregulated,miR-764-5p,mmu-miR-764-5p,8.0,7.85965914611482e-15,555.7741116654162,0,-0.48274397778054595,0,-0.48274397778054595,0,-0.48274397778054595,1,-0.08415460812413443,76,2.0151305192463185,0,-0.48274397778054595
Lung,Upregulated,miR-34c-5p,mmu-miR-34c-5p,6.743,1.24369303353544e-12,417.26069745633606,1,-1.5903930668687083,744,0.10988240222108576,2037,0.398900425792996,226,-0.23143256633609657,90497,1.4883424362161042,275,-0.1752996310253807
Lung,Upregulated,miR-34b-5p,mmu-miR-34b-5p,6.679,1.09423202693194e-11,380.035506143689,0,-1.6052721980140447,456,0.13062716425157456,1211,0.4070657211907653,120,-0.24601667110175215,51240,1.4682916166584785,166,-0.15469563298502084
Lung,Upregulated,miR-448-3p,mmu-miR-448-3p,7.671,1.1648452808774e-10,368.83667132579046,0,-0.408248290463863,0,-0.408248290463863,0,-0.408248290463863,0,-0.408248290463863,50,2.041241452319315,0,-0.408248290463863
Lung,Downregulated,miR-139-5p,mmu-miR-139-5p,-3.211,6.31221068146834e-16,9.273603466065627,81,-1.8611149048696334,23196,0.7784203640858667,8962,0.3337870100257495,18707,0.677856421104625,1918,-0.3868994810449559,11688,0.4579505906983481
Lung,Downregulated,miR-185-5p,mmu-miR-185-5p,-1.475,3.3457068603023e-05,3.5970288922265863,7938,-1.5836641639111577,42114,1.040794328668855,29854,0.4996579006863957,33505,0.6811193185118556,12943,-0.8147916303878809,24315,0.17688424643192077
Lung,Downregulated,miR-219a-5p,mmu-miR-219a-5p,-1.804,0.000370859621887824,2.7250554639206706,759,-1.2496981897358714,2063,0.3599410750871255,1658,0.008023407725135113,2406,0.6076266720071684,850,-1.0674909973137787,3795,1.3415980322302252
Lung,Downregulated,miR-1982-3p,mmu-miR-1982-3p,-1.683,0.0026014786042107,1.8719416086999285,26,-0.7155085984098177,50,0.5694292820326251,45,0.3609580939533837,76,1.4017842932054312,18,-1.4254652509999102,34,-0.1911978197817134
Lung,Downregulated,miR-378d,mmu-miR-378d,-3.409,0.000588979151643108,1.7327879659678185,199,-1.4921610528164522,22728,1.442110456369747,2812,0.14679356840272087,4555,0.4457293204463476,746,-0.6752236158364618,2749,0.13275132343410026
Lung,Downregulated,miR-378a-3p,mmu-miR-378a-3p,-3.321,0.000812110520664046,1.7101719254373604,25964,-1.1109217051221838,772928,1.510274933144862,224280,0.5545556853521629,166351,0.3237581521020228,30096,-0.9968521615077004,76051,-0.28081490396915204
Lung,Downregulated,miR-378b,mmu-miR-378b,-3.169,0.00135231370925803,1.6623234360899826,151,-1.2459054325044863,6592,1.5909928675142841,1158,0.28278034847320277,1227,0.3262978088938982,257,-0.8477648529196327,690,-0.10640073945726984
Lung,Downregulated,miR-139-3p,mmu-miR-139-3p,-3.672,0.000359780079939617,1.627571649622809,4,-1.3895829997284974,84,0.5397483467808025,27,-0.21643181197412462,79,0.4984648396682516,11,-0.7934156544739347,283,1.361217279727502
Lung,Downregulated,miR-378a-5p,mmu-miR-378a-5p,-3.211,0.00174821426280074,1.5984766892461422,1054,-1.2448372079086256,43673,1.4745814581178176,10991,0.4669381610673344,11272,0.4853753608742879,1836,-0.8397647636901221,3629,-0.3422930084606921
Lung,Downregulated,miR-12191-3p,mmu-miR-12191-3p,-4.73,2.94469629716724e-06,1.5852214736360015,11,-0.6192718469074694,28,0.08503039481663346,28,0.08503039481663346,47,0.4872356309002361,3,-1.4961582764538495,161,1.4581337028278178
Spleen,Upregulated,miR-142a-5p,mmu-miR-142a-5p,5.225,2.99571124672472e-38,953.7197497667854,3,-1.8966936354503472,15763,0.14215592230291335,13028,0.09523040480744469,23105,0.23631750114595215,32587,0.32099512129257957,776938,1.1019946859014602
Spleen,Upregulated,miR-142a-3p,mmu-miR-142a-3p,5.082,2.06515958254958e-26,628.6426488252749,45,-1.9005244440092377,240051,0.21402025708928418,127586,0.05788500907792901,221197,0.19381409516669795,413997,0.3486514214192944,8195759,1.086153661256031
Spleen,Upregulated,miR-3964,mmu-miR-3964,5.228,8.12802051748883e-20,479.5098562871873,0,-1.4472306361367155,12,-0.16172497294355154,12,-0.16172497294355154,18,0.028468278399033833,19,0.05417553855495667,520,1.6880367650698276
Spleen,Upregulated,miR-130b-3p,mmu-miR-130b-3p,3.964,6.22322450323254e-29,472.23774796673376,294,-0.774914578652297,569,-0.22087737136661098,454,-0.41042276300172503,414,-0.4878250888067005,665,-0.08994852567848759,7838,1.98398832750582
Spleen,Upregulated,miR-211-5p,mmu-miR-211-5p,5.014,8.12802051748883e-20,457.1485739247291,1,-1.4083824889867287,56,0.21777794153080404,12,-0.49974434457037764,32,-0.04753346013599016,43,0.09211746436882699,1079,1.6457648877934647
Spleen,Upregulated,miR-342-5p,mmu-miR-342-5p,3.507,1.17571026776954e-24,340.63326777226786,0,-1.8782369461574626,249,0.2147567607374225,138,-0.0077495801293369845,232,0.1880620549721653,366,0.36028024499577355,2743,1.1228874655814394
Spleen,Upregulated,miR-150-3p,mmu-miR-150-3p,5.604,6.51779529910085e-13,338.4199157594048,1,-1.3211211769976152,69,0.16560085662369983,13,-0.5074097079618891,20,-0.3378584011240081,107,0.34693223752703717,2458,1.6538561919327734
Spleen,Upregulated,miR-130b-5p,mmu-miR-130b-5p,3.675,3.04238251681374e-20,282.83147237406723,25,-0.6320871559935791,40,-0.2046245086732998,26,-0.5966679523385844,29,-0.4977873712536527,47,-0.05669013780068787,423,1.9878571260598072
Spleen,Upregulated,miR-5107-5p,mmu-miR-5107-5p,6.285,3.21856153491811e-09,269.6976030296154,3,-0.5570362275291518,2,-0.7047727486587232,4,-0.44244287903613816,5,-0.3488132958712673,13,0.0863088415191879,544,1.966756309576093
Spleen,Upregulated,miR-150-5p,mmu-miR-150-5p,4.443,2.40942266408725e-12,234.56405050508934,85,-1.7858421800111133,49648,0.4011673556244752,11522,-0.10122722132349823,11823,-0.09235784170837032,42790,0.3500380378994475,549774,1.2282218495190598
Spleen,Downregulated,miR-23b-3p,mmu-miR-23b-3p,-1.848,1.62257079623708e-18,11.71550766816046,81921,-1.1812879207508604,283610,0.690133102175345,271007,0.6216330009603614,252277,0.5137081442151058,293810,0.7433793827012977,71441,-1.3875657093012455
Spleen,Downregulated,miR-27b-3p,mmu-miR-27b-3p,-1.284,1.56337569517073e-18,11.383851750639549,94173,-1.0712792499496033,209606,0.7388081695950477,181765,0.41639056966909915,201557,0.650220788610328,209500,0.7376637889316976,78893,-1.4718040668565802
Spleen,Downregulated,miR-30c-2-3p,mmu-miR-30c-2-3p,-2.975,1.061580903034e-21,11.09890255461879,642,-0.9685295351638133,2741,0.558355657277886,2614,0.5084278437292922,3637,0.8560333773192321,2841,0.5960677049604288,369,-1.550355048123031
Spleen,Downregulated,miR-30a-5p,mmu-miR-30a-5p,-3.342,1.58125640073946e-20,9.091106984024812,60127,-1.163973475724975,373129,0.3926119230793358,593500,0.7883661131087362,448455,0.549411871197034,611531,0.8138864259686683,46654,-1.3803028576287932
Spleen,Downregulated,miR-30a-3p,mmu-miR-30a-3p,-2.969,4.45891990207928e-16,8.401305586970334,4300,-0.9206813153142199,14457,0.3861942581158609,21106,0.794034227644837,16771,0.5462260367564479,20634,0.7696558139690828,2342,-1.5754290211720166
Spleen,Downregulated,miR-30c-5p,mmu-miR-30c-5p,-2.93,8.32442437752246e-10,4.946275354614245,50584,-1.5054412084875193,1000511,0.7747011941268311,1159424,0.8873192105165839,717801,0.5210083903509987,545465,0.31125898719752126,99469,-0.9888465737044149
Spleen,Downregulated,miR-30b-5p,mmu-miR-30b-5p,-2.274,3.65499708101974e-08,4.614945095021767,55106,-1.5043592196175053,734764,0.9757139797960493,459566,0.5264124813210223,384892,0.3566369988973566,514499,0.6345196103544636,94406,-0.9889238507513687
Spleen,Downregulated,miR-335-5p,mmu-miR-335-5p,-2.393,7.20542806092842e-08,4.3892187608749085,752,-1.7314881142882317,30182,0.8391066157354333,10779,0.1220458244867825,23571,0.6669294427868483,24611,0.6969985937902118,3857,-0.5935923625110443
Spleen,Downregulated,miR-99a-5p,mmu-miR-99a-5p,-1.913,2.5221989766044e-05,3.175770958154589,12406,-1.4746921290059187,156465,1.233451858800613,76056,0.462698262981947,51188,0.039624921215011606,86118,0.5954536103883514,22126,-0.8565365243800028
Spleen,Downregulated,let-7b-3p,mmu-let-7b-3p,-1.738,3.16409987328506e-06,3.1375789422492297,1094,0.3965960623563143,1311,0.7262562473478471,762,-0.26209516951915457,1441,0.8985241563760312,926,0.09290460743266515,318,-1.852185903993694
Cells (4T1),Upregulated,miR-125b-1-3p,mmu-miR-125b-1-3p,7.151,3.94458995162864e-41,1495.2517226483012,53878,1.9768515177928236,510,-0.19457851486001237,202,-0.6249200263603938,149,-0.7659662334691013,524,-0.18197884174830245,494,-0.2094079013550141
Cells (4T1),Upregulated,miR-1190,mmu-miR-1190,8.353,7.34842202294189e-10,377.9843178178818,65,2.041241452319315,0,-0.408248290463863,0,-0.408248290463863,0,-0.408248290463863,0,-0.408248290463863,0,-0.408248290463863
Cells (4T1),Upregulated,miR-694,mmu-miR-694,4.176,2.7049153986409e-19,321.5206369240289,146,1.9693684804874312,11,-0.13363198690544836,4,-0.8684522243101243,10,-0.20666454417263172,7,-0.47395706567398105,9,-0.28666265942524427
Cells (4T1),Upregulated,miR-1187,mmu-miR-1187,5.821,3.52440627911816e-11,289.1190231062248,110,1.9703393093428996,2,-0.3787431125746868,2,-0.3787431125746868,1,-0.6425184132600246,1,-0.6425184132600246,5,0.0721837423265233
Cells (4T1),Upregulated,miR-182-3p,mmu-miR-182-3p,5.856,2.34116186815233e-10,274.8351179035475,248,1.8391202791073278,0,-1.0041149949338437,4,-0.17474486167110456,3,-0.28973444620890804,11,0.27639874427790473,1,-0.6469247205713758
Cells (4T1),Upregulated,miR-181d-3p,mmu-miR-181d-3p,3.977,2.00791587338318e-13,205.64381441305602,144,1.8906612403451717,20,0.29744522591312644,5,-0.7355277304308399,6,-0.6084218951946317,10,-0.23573494543819384,6,-0.6084218951946317
Cells (4T1),Upregulated,miR-466f-3p,mmu-miR-466f-3p,4.461,6.59812873129956e-11,202.23000462714782,3590,1.8689417590452784,154,-0.25549476928738285,87,-0.6381578845919577,64,-0.8429450459061458,113,-0.46317317135889013,368,0.33082911209909976
Cells (4T1),Upregulated,miR-466m-3p,mmu-miR-466m-3p,4.662,3.19348410932531e-10,198.69575517148886,268,1.8809278318698917,14,-0.07575888659038373,4,-0.8204393118460538,7,-0.5018533046544318,5,-0.6968549537908578,22,0.2139786250118348
Cells (4T1),Upregulated,miR-669p-3p,mmu-miR-669p-3p,4.54,1.67880642560664e-09,176.20873749373092,230,1.8440612679261272,8,-0.29888950597103314,6,-0.46484401976215206,2,-1.0243538951746538,7,-0.3766670794629496,22,0.32069323244466263
Cells (4T1),Upregulated,miR-669k-5p,mmu-miR-669k-5p,5.702,1.1053330108102e-06,149.08752642296005,32,1.922473191169425,0,-0.6479316306168428,0,-0.6479316306168428,0,-0.6479316306168428,1,-0.13837493045298402,2,0.1596966311340871
Cells (4T1),Downregulated,miR-140-5p,mmu-miR-140-5p,-1.945,1.3524566924982e-11,6.375573122797739,8137,-1.880330277543048,39432,0.7742474165515772,31662,0.40508603604862703,20046,-0.36378652541000606,34727,0.5605151622672924,33585,0.5042681880855553
Cells (4T1),Downregulated,miR-3068-5p,mmu-miR-3068-5p,-1.547,3.49153229287582e-10,5.702671775362377,581,-1.912397295273469,2006,0.7774426397468372,1314,-0.14125222728805156,1562,0.234153669736794,1592,0.27546404350646736,1996,0.7665891695714299
Cells (4T1),Downregulated,miR-191-5p,mmu-miR-191-5p,-2.049,2.79045007645645e-10,5.5155776761394195,37168,-1.8774370867412413,131384,0.18989152295960862,144016,0.3401932711569595,151091,0.41871346849606905,107776,-0.13440161293676867,223949,1.0630404370653808
Cells (4T1),Downregulated,miR-1843b-5p,mmu-miR-1843b-5p,-2.852,3.09185982436627e-11,4.9390148203208675,250,-1.8875930758795267,966,-0.26699512427668337,1505,0.26531242359468377,2314,0.7819259774080951,1636,0.36553229621121136,2238,0.7418175029422096
Cells (4T1),Downregulated,miR-152-3p,mmu-miR-152-3p,-5.567,8.37925784789309e-34,4.752677572230594,687,-2.015609111537328,33287,0.4234819893231284,40696,0.5498374359231393,40774,0.5510413799602418,30613,0.3708292980260703,20556,0.12041900830475571
Cells (4T1),Downregulated,miR-1843a-5p,mmu-miR-1843a-5p,-3.326,2.67958825856078e-12,4.604278758225045,209,-1.866193907835189,1259,-0.022442444262171554,1765,0.3249593283650947,3938,1.1504470596711716,1522,0.1726287255592622,1626,0.24060123850182624
Cells (4T1),Downregulated,miR-26a-5p,mmu-miR-26a-5p,-3.431,4.4844554588754e-11,3.9667264143983663,66574,-1.815570446279748,740034,0.4802371584489262,736944,0.47624849794296975,739419,0.4794446280026312,1122007,0.8769638493305743,265391,-0.4973236874453533
Cells (4T1),Downregulated,miR-101a-3p,mmu-miR-101a-3p,-3.539,8.08491788141988e-11,3.709341321734413,4974,-1.8783731012443496,59480,0.44981135054476334,75292,0.6710012936691648,75851,0.6779419427377358,60253,0.46192693843023525,24503,-0.3823084241375576
Cells (4T1),Downregulated,miR-1839-3p,mmu-miR-1839-3p,-2.269,4.99553635616938e-07,3.481948502198564,262,-1.9209567624302977,922,-0.02650514655752498,1298,0.489135056256587,1738,0.9293196930686217,1262,0.4467261242760455,991,0.08228103538656092
Cells (4T1),Downregulated,miR-152-5p,mmu-miR-152-5p,-4.69,3.68476003917697e-15,3.4683510081461644,4,-1.9933017635096513,86,0.34870068263937437,108,0.5335373655500184,89,0.3764963574480216,131,0.6905093619199785,59,0.04405799595225919
