Group,GeneID,log2FC,padj,avg_group1,avg_group2,direction,specificity,CV,biomarker_score
Heart,mmu-miR-149-5p,4.918,1.20197844334041e-09,48254,1595,UP in Heart,5.904040952983776,0.10978151988520995,259.00477482565003
Heart,mmu-miR-1b-5p,5.003,2.21062300807882e-08,296,9,UP in Heart,6.633530873637928,0.25360230547550433,254.06683961568712
Heart,mmu-miR-1a-3p,7.681,9.23271082069054e-05,3114902,15181,UP in Heart,7.805432503479465,0.4110059210186652,241.89274299468062
Heart,mmu-miR-504-5p,5.386,2.24769224791351e-06,193,4,UP in Heart,6.981840951784596,0.03587443946188341,212.39839105788383
Heart,mmu-miR-466q,3.56,0.000136458985391128,728,62,UP in Heart,5.43317705991908,0.09810874704491726,74.75721508751033
Heart,mmu-miR-743b-3p,5.469,0.00276737520767945,16,0,UP in Heart,5.305039787798409,0.3,74.21395149676516
Heart,mmu-miR-181a-2-3p,2.609,2.21062300807882e-08,1008,164,UP in Heart,3.182381280110117,0.12926934716817987,63.56221425871235
Heart,mmu-miR-208b-5p,5.597,0.0102949632451697,15,0,UP in Heart,5.278592375366569,0.37142857142857144,58.715572391189184
Heart,mmu-miR-741-3p,4.729,0.0115762533280171,50,2,UP in Heart,5.982053838484546,0.45,54.779980998968995
Heart,mmu-miR-486a-3p,3.056,0.00088974723292973,1720,207,UP in Heart,4.982079764113774,0.2510204081632653,46.4481345522352
Heart,mmu-miR-149-3p,4.016,0.000592117113458182,25,2,UP in Heart,3.444034440344404,0.25,44.64161238606832
Heart,mmu-miR-1251-5p,4.774,0.00945088057990493,12,0,UP in Heart,4.444444444444445,0.4074074074074074,42.955979363134745
Heart,mmu-miR-465b-3p,3.911,0.00945088057990493,14,1,UP in Heart,4.221635883905013,0.125,33.426608677455384
Heart,mmu-miR-465c-3p,3.911,0.00945088057990493,14,1,UP in Heart,4.221635883905013,0.125,33.426608677455384
Heart,mmu-miR-488-3p,3.283,0.00945088057990493,30,3,UP in Heart,4.6875,0.5,31.15558368512734
Heart,mmu-miR-743a-3p,3.91,0.0178915163796909,16,1,UP in Heart,4.379562043795621,0.0,29.92182324981602
Heart,mmu-miR-135a-2-3p,4.33,0.0310784079778575,15,1,UP in Heart,4.481792717086835,0.09090909090909091,29.255590157507257
Heart,mmu-miR-378b,2.86,0.00965352633622431,5733,790,UP in Heart,4.6898455452870325,0.08488204505802928,27.031322753109315
Heart,mmu-miR-378d,2.921,0.0121608359942727,19996,2641,UP in Heart,4.7945927929220264,0.29863387377081635,26.820097767384496
Heart,mmu-miR-378c,2.951,0.0145141279728291,97954,12664,UP in Heart,4.824787367697967,0.17185485849372198,26.17232401713047
Kidney,mmu-miR-10b-3p,6.134,1.06169399488365e-15,3448,49,UP in Kidney,6.885022467363759,0.024126198577172905,632.3928932889235
Kidney,mmu-miR-615-3p,7.638,1.54290102346476e-08,2884,15,UP in Kidney,7.586322775770815,0.07456626061277224,452.64154314458773
Kidney,mmu-miR-10b-5p,5.977,1.15170118671149e-07,81730,1297,UP in Kidney,7.046458943869518,0.15920560625473942,292.2333661077071
Kidney,mmu-miR-615-5p,6.198,1.1949485119278e-05,33,0,UP in Kidney,5.893536121673004,0.2903225806451613,179.8152625098179
Kidney,mmu-miR-196a-2-3p,8.219,0.00172765621920589,57,0,UP in Kidney,7.049608355091384,0.17757009345794392,160.06374203678567
Kidney,mmu-miR-196b-3p,8.303,0.000925683977427649,346,1,UP in Kidney,5.137527663610497,0.09230769230769231,129.40127157408241
Kidney,mmu-miR-196a-1-3p,7.54,0.009281985377449,330,2,UP in Kidney,7.585025691216051,0.17609046849757673,116.23284089306226
Kidney,mmu-miR-187-5p,2.642,9.85188353658517e-06,610,98,UP in Kidney,3.7903386124179974,0.023580786026200874,50.13527159169801
Kidney,mmu-miR-670-5p,4.052,0.00309320395415683,30,2,UP in Kidney,4.770017035775128,0.12280701754385964,48.50565703461603
Kidney,mmu-miR-346-5p,4.128,0.0281162827996955,114,7,UP in Kidney,5.549792531120332,0.3644859813084112,35.5336665001491
Kidney,mmu-miR-187-3p,2.409,0.000270927283209688,11902,2241,UP in Kidney,3.5282057752054126,0.11965315335448978,30.318781601848205
Kidney,mmu-miR-874-3p,3.372,0.0172190014620979,7238,699,UP in Kidney,4.955345119989519,0.1645123384253819,29.475290429863797
Kidney,mmu-miR-670-3p,3.336,0.0116069725287165,52,5,UP in Kidney,4.454545454545454,0.08163265306122448,28.758980044114548
Kidney,mmu-miR-10a-3p,3.109,0.0190973282145702,4871,564,UP in Kidney,4.570718956866594,0.06933946763062768,24.42800703392679
Kidney,mmu-miR-10a-5p,2.656,0.0148970408467742,187936,29824,UP in Kidney,3.9406151304514365,0.06669581213662791,19.12083549075192
Kidney,mmu-miR-3062-5p,2.681,0.0491498747643278,22,3,UP in Kidney,2.330743618201998,0.09523809523809523,8.176314814751924
Kidney,mmu-miR-511-3p,-2.638,0.0392218415233606,370,2303,DOWN in Kidney,0.20509850047580488,0.02881844380403458,0.7609714670577922
Kidney,mmu-miR-294-3p,-4.735,0.0371205599537631,2,48,DOWN in Kidney,0.056227157717177394,0.5,0.38081952507287653
Kidney,mmu-miR-150-3p,-5.597,0.0329284257806923,14,676,DOWN in Kidney,0.02620967741935484,0.07692307692307693,0.21746576359295872
Kidney,mmu-miR-490-3p,-7.557,0.00194814540646952,4,763,DOWN in Kidney,0.006593696426216537,0.14285714285714285,0.1350542747987195
Liver,mmu-miR-122-5p,11.664,8.46539123215526e-13,7820506,2410,UP in Liver,5.3277758844525565,0.14936127610110403,750.2143782315658
Liver,mmu-miR-12195-3p,6.759,4.36026666445337e-19,108,1,UP in Liver,4.941599281221922,0.12353828551902732,613.245213028626
Liver,mmu-miR-122-3p,11.536,2.47826260002068e-10,607224,204,UP in Liver,5.327275610665592,0.3603823487230937,590.3320127817057
Liver,mmu-miR-122b-3p,10.453,7.88239770095048e-11,815,1,UP in Liver,5.2803798280508145,0.6117378093631956,557.662129920259
Liver,mmu-miR-12195-5p,7.237,9.33330018029322e-14,63,0,UP in Liver,4.837490551776266,0.21241322277592456,456.1649826725934
Liver,mmu-miR-1948-3p,6.796,1.22488591988419e-14,104,1,UP in Liver,4.736371760500447,0.1546325893477264,447.80169854706145
Liver,mmu-miR-292b-3p,8.001,6.59400973699273e-10,48,0,UP in Liver,4.8123195380173245,0.5403414015535664,353.49366784203426
Liver,mmu-miR-292b-5p,7.377,8.95141711565534e-10,39,0,UP in Liver,4.656577415599535,0.11336754254816843,310.816736811401
Liver,mmu-miR-1948-5p,6.286,2.71664792989011e-10,749,10,UP in Liver,4.985051345378915,0.4210147431016601,299.7594440248714
Liver,mmu-miR-101b-3p,4.037,6.35073723660464e-16,252996,15407,UP in Liver,4.210693533860878,0.16890586705883337,258.33025449219303
Liver,mmu-miR-290b-3p,7.027,1.34731859266625e-08,25,0,UP in Liver,4.288164665523156,0.19595917942265423,237.16214485828385
Liver,mmu-miR-12184-5p,6.517,2.18670478020647e-08,21,0,UP in Liver,4.2471042471042475,0.1568929081105472,212.02218656620903
Liver,mmu-miR-137-3p,5.444,2.18670478020647e-08,3675,84,UP in Liver,4.908330483730962,0.12600767090890064,204.68809311115817
Liver,mmu-miR-290b-5p,6.812,1.25617607290862e-05,17,0,UP in Liver,4.147465437788019,0.21346619809405207,138.46424465905486
Liver,mmu-miR-12184-3p,5.708,1.41798578996109e-06,18,0,UP in Liver,3.8054968287526423,0.1360602686099615,127.03607283231888
Liver,mmu-miR-12196-3p,5.575,6.93705869010673e-06,13,0,UP in Liver,3.3766233766233764,0.2893959225697556,97.11319873911692
Liver,mmu-miR-12178-3p,6.447,0.000281007456652808,13,0,UP in Liver,3.9215686274509807,0.32904237959102545,89.7847688554384
Liver,mmu-miR-6978-3p,4.407,0.000156112938052126,113,5,UP in Liver,4.369300911854103,0.15927473874189216,73.29727202439489
Liver,mmu-miR-148a-3p,3.595,1.12643939839984e-05,406935,33683,UP in Liver,4.050086987745607,0.13604423755162506,72.0474443280966
Liver,mmu-miR-101b-5p,3.454,5.98883244299089e-07,44,4,UP in Liver,3.3057851239669422,0.317040129959519,71.0514385813926
Lung,mmu-miR-1264-3p,11.82,8.6213234532636e-32,743,0,UP in Lung,5.301074623281504,0.09867733141921615,1946.4566168117415
Lung,mmu-miR-1298-5p,11.345,7.15424902364194e-29,535,0,UP in Lung,5.289063151747727,0.09739242080222335,1688.850600648316
Lung,mmu-miR-449c-5p,6.797,1.14262088862642e-41,629,5,UP in Lung,4.566572930676122,0.15077276664231887,1270.8016196997016
Lung,mmu-miR-1264-5p,9.389,2.42092519102746e-22,168,0,UP in Lung,5.181347150259067,0.09901958348138176,1051.568906329321
Lung,mmu-miR-449a-5p,7.412,2.22567085350192e-22,10844,64,UP in Lung,5.141532766351262,0.2346770898274498,825.1574959086564
Lung,mmu-miR-1912-5p,9.4,1.96468550200897e-16,139,0,UP in Lung,5.182160804020101,0.28794790552394806,765.1100029642023
Lung,mmu-miR-764-5p,8.0,7.85965914611482e-15,64,0,UP in Lung,4.92546986390149,0.1302565123238377,555.7741116654162
Lung,mmu-miR-34c-5p,6.743,1.24369303353544e-12,76202,711,UP in Lung,5.19773887991619,0.16571113054148442,417.26069745633606
Lung,mmu-miR-34b-5p,6.679,1.09423202693194e-11,43099,420,UP in Lung,5.191189566559986,0.1177932752471162,380.035506143689
Lung,mmu-miR-448-3p,7.671,1.1648452808774e-10,42,0,UP in Lung,4.84027105517909,0.12328828005937952,368.83667132579046
Lung,mmu-miR-34b-3p,6.345,5.41945883663583e-12,6821,84,UP in Lung,5.153956376373189,0.24781602853971466,368.42051967580244
Lung,mmu-miR-1298-3p,7.51,6.04066539645989e-10,37,0,UP in Lung,4.715969989281886,0.11840613344378662,326.50571760854433
Lung,mmu-miR-449c-3p,6.244,1.70503898678245e-11,59,1,UP in Lung,4.657351962741185,0.10404975545071161,313.1466111842597
Lung,mmu-miR-1912-3p,6.984,6.03995378530686e-10,32,0,UP in Lung,4.668304668304668,0.2182093452378399,300.5700155627238
Lung,mmu-miR-6540-5p,4.966,4.94605912351528e-13,98,3,UP in Lung,4.681194511702986,0.09133167593415031,286.0692398177127
Lung,mmu-miR-34c-3p,5.832,7.60928185787061e-09,5157,90,UP in Lung,5.081645548571618,0.34057018261596506,240.60577228323467
Lung,mmu-miR-764-3p,7.026,6.03579441192973e-08,27,0,UP in Lung,4.584527220630372,0.1637510440642531,232.53895625942147
Lung,mmu-miR-448-5p,6.897,1.24886206053761e-07,25,0,UP in Lung,4.4753086419753085,0.048765984909417075,213.08439056427596
Lung,mmu-miR-92b-5p,5.463,3.33991631311734e-08,131,3,UP in Lung,4.819651741293533,0.12320159645077423,196.8482287735179
Lung,mmu-miR-449a-3p,6.124,3.41474249120621e-08,21,0,UP in Lung,3.7313432835820897,0.2193859473754351,170.6183427642661
Spleen,mmu-miR-142a-5p,5.225,2.99571124672472e-38,769490,20572,UP in Spleen,4.864420840416107,0.025787032969608586,953.7197497667854
Spleen,mmu-miR-142a-3p,5.082,2.06515958254958e-26,8106700,239334,UP in Spleen,4.816026038801999,0.33898515584173244,628.6426488252749
Spleen,mmu-miR-3964,5.228,8.12802051748883e-20,535,14,UP in Spleen,4.804582832855955,0.5587389447376021,479.5098562871873
Spleen,mmu-miR-130b-3p,3.964,6.22322450323254e-29,7632,488,UP in Spleen,4.2236292604068435,0.1401794643348785,472.23774796673376
Spleen,mmu-miR-211-5p,5.014,8.12802051748883e-20,1045,33,UP in Spleen,4.776026912181304,0.1859237946747699,457.1485739247291
Spleen,mmu-miR-342-5p,3.507,1.17571026776954e-24,2653,233,UP in Spleen,4.058953225114311,0.2491167337453359,340.63326777226786
Spleen,mmu-miR-150-3p,5.604,6.51779529910085e-13,2329,48,UP in Spleen,4.955645161290323,0.5509241905541434,338.4199157594048
Spleen,mmu-miR-130b-5p,3.675,3.04238251681374e-20,424,33,UP in Spleen,3.9433205928964297,0.13265480204956057,282.83147237406723
Spleen,mmu-miR-5107-5p,6.285,3.21856153491811e-09,482,6,UP in Spleen,5.052944454765001,1.163266747137094,269.6976030296154
Spleen,mmu-miR-150-5p,4.443,2.40942266408725e-12,553139,25437,UP in Spleen,4.544127565594583,0.18333740061358877,234.56405050508934
Spleen,mmu-miR-5104,4.216,2.81645213301561e-12,350,19,UP in Spleen,4.4339164237123425,0.3687549337030131,215.91423709780474
Spleen,mmu-miR-7649-3p,5.103,1.50773215804046e-09,71,2,UP in Spleen,4.534161490683229,0.3019918860965562,204.1144005047603
Spleen,mmu-miR-342-3p,3.006,2.55832969022555e-17,62937,7836,UP in Spleen,3.7100169135742203,0.3911957808429698,185.03962649684394
Spleen,mmu-miR-3969,4.509,4.3098796493089e-10,88,4,UP in Spleen,4.316546762589928,0.5291931135926874,182.28430217497242
Spleen,mmu-miR-6957-5p,4.804,1.98757103693304e-08,20,1,UP in Spleen,3.8610038610038613,0.07071067811865475,142.85273337284377
Spleen,mmu-miR-935,3.357,1.24293199339427e-11,74,7,UP in Spleen,3.7943085371942087,0.35224514044318006,138.90940860502548
Spleen,mmu-miR-3971,4.099,7.23352891258609e-09,50,3,UP in Spleen,3.971405877680699,0.0800201720105601,132.51995012431402
Spleen,mmu-miR-301b-3p,3.302,7.93244949354243e-12,573,58,UP in Spleen,3.3582532336537323,0.5192683403289889,123.09394141951253
Spleen,mmu-miR-211-3p,6.444,7.5663214852054e-05,18,0,UP in Spleen,4.175824175824176,0.6580544918817243,110.89513447088179
Spleen,mmu-miR-592-5p,4.097,1.21228030100942e-06,361,21,UP in Spleen,4.303455059633592,0.6389581610430324,104.31350558372922
Cells (4T1),mmu-miR-125b-1-3p,7.151,3.94458995162864e-41,379,53878,UP in Cells (4T1),5.1751529646812475,0.10671996870726651,1495.2517226483012
Cells (4T1),mmu-miR-1190,8.353,7.34842202294189e-10,0,65,UP in Cells (4T1),4.954268292682928,0.062283742131930775,377.9843178178818
Cells (4T1),mmu-miR-694,4.176,2.7049153986409e-19,8,146,UP in Cells (4T1),4.1465492757739275,0.16936337399035173,321.5206369240289
Cells (4T1),mmu-miR-1187,5.821,3.52440627911816e-11,2,110,UP in Cells (4T1),4.751619870410368,0.34980145673797075,289.1190231062248
Cells (4T1),mmu-miR-182-3p,5.856,2.34116186815233e-10,4,248,UP in Cells (4T1),4.873256042444488,0.31802904445707403,274.8351179035475
Cells (4T1),mmu-miR-181d-3p,3.977,2.00791587338318e-13,9,144,UP in Cells (4T1),4.072398190045249,0.28212922818241115,205.64381441305602
Cells (4T1),mmu-miR-466f-3p,4.461,6.59812873129956e-11,163,3590,UP in Cells (4T1),4.452878866810548,0.19108350859121853,202.23000462714782
Cells (4T1),mmu-miR-466m-3p,4.662,3.19348410932531e-10,10,268,UP in Cells (4T1),4.4883604086417686,0.2845623278348898,198.69575517148886
Cells (4T1),mmu-miR-669p-3p,4.54,1.67880642560664e-09,10,230,UP in Cells (4T1),4.423076923076923,0.35296312512674505,176.20873749373092
Cells (4T1),mmu-miR-669k-5p,5.702,1.1053330108102e-06,1,32,UP in Cells (4T1),4.3895747599451305,0.31508693783359504,149.08752642296005
Cells (4T1),mmu-miR-222-5p,3.762,2.33312054021699e-10,203,2763,UP in Cells (4T1),4.037230778222625,0.2475449450639258,146.2923691495863
Cells (4T1),mmu-miR-466i-3p,4.521,7.06846734097154e-08,19,447,UP in Cells (4T1),4.448203801373271,0.15493521810273655,143.8024244394379
Cells (4T1),mmu-miR-466e-5p,4.929,6.7436593337235e-07,9,282,UP in Cells (4T1),4.61311958122035,0.15804023696996614,140.31898118054576
Cells (4T1),mmu-miR-96-3p,5.312,3.35717733310087e-06,4,146,UP in Cells (4T1),4.627575277337559,0.5340896338321037,134.5607478128836
Cells (4T1),mmu-miR-183-3p,5.245,5.10603332789899e-06,33,1256,UP in Cells (4T1),4.76913730255164,0.022245551581418128,132.3726579925841
Cells (4T1),mmu-miR-297a-5p,4.556,7.87615165221972e-07,293,6903,UP in Cells (4T1),4.501878228204728,0.09609329715507585,125.18999945090789
Cells (4T1),mmu-miR-467b-3p,5.181,5.57670346167077e-07,1,20,UP in Cells (4T1),3.8167938931297707,0.3013897755877088,123.66419047532796
Cells (4T1),mmu-let-7a-2-3p,3.339,9.26054687857304e-11,18,178,UP in Cells (4T1),3.6497847037112976,0.31527516229071373,122.27289828467208
Cells (4T1),mmu-miR-466k,4.73,5.00847566356662e-06,18,493,UP in Cells (4T1),4.545454545454546,0.20508287266453043,113.95633029108308
Cells (4T1),mmu-miR-212-3p,2.993,1.46173113565818e-11,236,1876,UP in Cells (4T1),3.444856586727386,0.3709656236887423,111.71515436216768
